timestamp,condition,transfer_id,file_size_bytes,resume_offset_bytes,bytes_transferred,duration_seconds,throughput_mbps,rtt_ms
2026-09-27T20:42:22+05:30,baseline,49463f9191084d43b3a6a6a0cda8e608,104857600,0,104857600,0.493755,1698.940,3.879
2026-09-27T21:09:27+05:30,delay,48c07c63210443a89b4e9626cf2bbd05,104857600,0,104857600,4.022214,208.557,114.260
2026-09-27T21:10:19+05:30,loss,2ec438fca9dd4248a1664bb88663d2b0,104857600,0,104857600,0.742136,1130.334,2.846
2026-09-27T21:11:15+05:30,delay_loss,ba57072260584ef584c411fda19835e4,104857600,0,104857600,13.554230,61.889,441.383
2026-09-27T21:11:52+05:30,delay_loss,a0639c13e37a4523840133258edd3c9e,104857600,0,104857600,9.119265,91.988,110.172
2026-09-27T21:12:15+05:30,delay_loss,f31082b9d1d84dd8b5139e73bd53e29f,104857600,0,104857600,8.267988,101.459,117.753
2026-09-27T21:13:02+05:30,baseline,88781bec65b84e0b8166b71ab70899c5,104857600,0,104857600,0.889862,942.687,6.156
2026-09-27T21:13:19+05:30,baseline,79d4b28a36614ed1ae1c48b0cf62024d,104857600,0,104857600,1.128570,743.295,5.569
2026-09-27T21:16:20+05:30,delay,b193070bb4a940e1afb91a02212586a0,104857600,0,104857600,3.936550,213.095,113.867
2026-09-27T21:16:40+05:30,delay,57290c4b7cb24786905b53d7acc9d714,104857600,0,104857600,3.940368,212.889,112.663
2026-09-27T21:17:19+05:30,loss,48874bb7ef314a30abbf0e5fb96e9983,104857600,0,104857600,0.902075,929.923,2.525
2026-09-27T21:17:32+05:30,loss,f0c0f01d2e18468c8812528bf2d4bb3e,104857600,0,104857600,0.828363,1012.673,2.430
2026-09-28T03:06:14+05:30,baseline,1dba24fd965c4d8db031f1300cc2e801,104857600,0,104857600,0.730451,1148.414,2.455
2026-09-28T03:06:54+05:30,delay,8e62ed67991240adbabb5f6958814d86,104857600,0,104857600,0.633478,1324.214,1.410
2026-09-28T03:08:55+05:30,baseline,6d86bfff2b5242bdb0c032124ac64646,104857600,0,104857600,0.651824,1286.943,5.478
2026-09-28T03:09:51+05:30,baseline,db9c7e0c18eb418fb51fc475f93f5f0a,104857600,0,104857600,0.851287,985.403,1.379
